model,family,mode,split,ndcg@10,recall@10,precision@10,mrr@10,hit@10,map@10,best_epoch,train_seconds,hyper_parameters
ItemKNN,neighbourhood,tuned,valid,0.223,0.2073,0.155,0.3706,0.7328,0.1207,0,0.7,"{""k"": 200, ""knn_method"": ""item"", ""shrink"": 0}"
ItemKNN,neighbourhood,tuned,test,0.2894,0.2529,0.1935,0.4767,0.7922,0.1739,0,0.7,"{""k"": 200, ""knn_method"": ""item"", ""shrink"": 0}"
UserKNN,neighbourhood,tuned,valid,0.2355,0.216,0.1562,0.401,0.755,0.1304,0,0.4,"{""k"": 50, ""knn_method"": ""user"", ""shrink"": 0}"
UserKNN,neighbourhood,tuned,test,0.2877,0.2524,0.1909,0.477,0.7932,0.1722,0,0.4,"{""k"": 50, ""knn_method"": ""user"", ""shrink"": 0}"
EASE,linear,tuned,valid,0.2568,0.2386,0.1766,0.4189,0.7815,0.1438,0,0.2,"{""embedding_size"": 64, ""epochs"": 100, ""eval_step"": 1, ""learner"": ""adam"", ""learning_rate"": 0.001, ""reg_weight"": 500.0, ""stopping_step"": 10, ""train_batch_size"": 2048, ""train_neg_sample_args"": {""distribution"": ""uniform"", ""sample_num"": 1, ""alpha"": 1.0, ""dynamic"": false, ""candidate_num"": 0}}"
EASE,linear,tuned,test,0.3302,0.2772,0.2208,0.5324,0.8261,0.2076,0,0.2,"{""embedding_size"": 64, ""epochs"": 100, ""eval_step"": 1, ""learner"": ""adam"", ""learning_rate"": 0.001, ""reg_weight"": 500.0, ""stopping_step"": 10, ""train_batch_size"": 2048, ""train_neg_sample_args"": {""distribution"": ""uniform"", ""sample_num"": 1, ""alpha"": 1.0, ""dynamic"": false, ""candidate_num"": 0}}"
SLIMElastic,linear,tuned,valid,0.2577,0.2392,0.1767,0.4216,0.7826,0.1446,0,0.3,"{""alpha"": 0.1, ""embedding_size"": 64, ""epochs"": 100, ""eval_step"": 1, ""hide_item"": true, ""l1_ratio"": 0.01, ""learner"": ""adam"", ""learning_rate"": 0.001, ""positive_only"": true, ""stopping_step"": 10, ""train_batch_size"": 2048, ""train_neg_sample_args"": {""distribution"": ""uniform"", ""sample_num"": 1, ""alpha"": 1.0, ""dynamic"": false, ""candidate_num"": 0}}"
SLIMElastic,linear,tuned,test,0.3235,0.2753,0.2185,0.5147,0.8102,0.2035,0,0.3,"{""alpha"": 0.1, ""embedding_size"": 64, ""epochs"": 100, ""eval_step"": 1, ""hide_item"": true, ""l1_ratio"": 0.01, ""learner"": ""adam"", ""learning_rate"": 0.001, ""positive_only"": true, ""stopping_step"": 10, ""train_batch_size"": 2048, ""train_neg_sample_args"": {""distribution"": ""uniform"", ""sample_num"": 1, ""alpha"": 1.0, ""dynamic"": false, ""candidate_num"": 0}}"
BPR,latent factor,tuned,valid,0.2411,0.2262,0.1637,0.3972,0.7688,0.1336,64,10.6,"{""embedding_size"": 128, ""epochs"": 100, ""eval_step"": 1, ""learner"": ""adam"", ""learning_rate"": 0.001, ""stopping_step"": 10, ""train_batch_size"": 2048, ""train_neg_sample_args"": {""distribution"": ""uniform"", ""sample_num"": 1, ""alpha"": 1.0, ""dynamic"": false, ""candidate_num"": 0}}"
BPR,latent factor,tuned,test,0.2912,0.2551,0.1981,0.4828,0.8028,0.1719,64,10.6,"{""embedding_size"": 128, ""epochs"": 100, ""eval_step"": 1, ""learner"": ""adam"", ""learning_rate"": 0.001, ""stopping_step"": 10, ""train_batch_size"": 2048, ""train_neg_sample_args"": {""distribution"": ""uniform"", ""sample_num"": 1, ""alpha"": 1.0, ""dynamic"": false, ""candidate_num"": 0}}"
NeuMF,neural,tuned,valid,0.2293,0.2174,0.1581,0.3809,0.754,0.1241,20,19.8,"{""dropout_prob"": 0.1, ""epochs"": 100, ""eval_step"": 1, ""learner"": ""adam"", ""learning_rate"": 0.001, ""mf_embedding_size"": 64, ""mf_pretrain_path"": null, ""mf_train"": true, ""mlp_embedding_size"": 64, ""mlp_hidden_size"": [128, 64, 32], ""mlp_pretrain_path"": null, ""mlp_train"": true, ""stopping_step"": 10, ""train_batch_size"": 2048, ""use_pretrain"": false}"
NeuMF,neural,tuned,test,0.2816,0.2372,0.1918,0.4699,0.772,0.1688,20,19.8,"{""dropout_prob"": 0.1, ""epochs"": 100, ""eval_step"": 1, ""learner"": ""adam"", ""learning_rate"": 0.001, ""mf_embedding_size"": 64, ""mf_pretrain_path"": null, ""mf_train"": true, ""mlp_embedding_size"": 64, ""mlp_hidden_size"": [128, 64, 32], ""mlp_pretrain_path"": null, ""mlp_train"": true, ""stopping_step"": 10, ""train_batch_size"": 2048, ""use_pretrain"": false}"
LightGCN,graph,tuned,valid,0.2432,0.2268,0.1657,0.4043,0.7667,0.1346,94,41.6,"{""embedding_size"": 64, ""epochs"": 100, ""eval_step"": 1, ""learner"": ""adam"", ""learning_rate"": 0.005, ""n_layers"": 3, ""reg_weight"": 0.0001, ""require_pow"": false, ""stopping_step"": 10, ""train_batch_size"": 4096}"
LightGCN,graph,tuned,test,0.3028,0.2584,0.2049,0.5034,0.8102,0.1834,94,41.6,"{""embedding_size"": 64, ""epochs"": 100, ""eval_step"": 1, ""learner"": ""adam"", ""learning_rate"": 0.005, ""n_layers"": 3, ""reg_weight"": 0.0001, ""require_pow"": false, ""stopping_step"": 10, ""train_batch_size"": 4096}"
