model,embedding_size,learning_rate,valid_recall@10,valid_mrr@10,valid_ndcg@10,valid_hit@10,valid_precision@10,valid_map@10
BPR,128,0.001,0.2262,0.3972,0.2411,0.7688,0.1637,0.1336
BPR,128,0.0005,0.2188,0.3919,0.2386,0.7572,0.1656,0.132
BPR,64,0.001,0.2167,0.3981,0.2365,0.7508,0.1606,0.1313
BPR,32,0.001,0.2104,0.3715,0.2291,0.7381,0.1616,0.1265
BPR,64,0.0005,0.2024,0.3822,0.2264,0.7253,0.1563,0.1251
BPR,64,0.005,0.2027,0.375,0.2233,0.737,0.1552,0.1224
BPR,32,0.005,0.2102,0.3757,0.2226,0.7476,0.1522,0.1206
BPR,128,0.005,0.2018,0.3612,0.2162,0.7264,0.1499,0.1167
BPR,32,0.0005,0.1927,0.3521,0.2083,0.7052,0.1466,0.1112
