model,learning_rate,n_layers,reg_weight,valid_recall@10,valid_mrr@10,valid_ndcg@10,valid_hit@10,valid_precision@10,valid_map@10
LightGCN,0.005,3,0.0001,0.2268,0.4043,0.2432,0.7667,0.1657,0.1346
LightGCN,0.005,3,0.001,0.2274,0.4026,0.243,0.7688,0.166,0.1343
LightGCN,0.005,2,0.0001,0.2262,0.4098,0.2413,0.7688,0.1629,0.1323
LightGCN,0.005,2,0.001,0.2261,0.4097,0.2411,0.7688,0.1627,0.1322
LightGCN,0.005,1,0.001,0.2242,0.3993,0.2403,0.772,0.1637,0.1317
LightGCN,0.005,1,0.0001,0.2242,0.3981,0.2399,0.772,0.1637,0.1315
LightGCN,0.001,1,0.0001,0.2043,0.366,0.22,0.7349,0.1545,0.1189
LightGCN,0.001,1,0.001,0.2043,0.3658,0.22,0.7349,0.1545,0.1189
LightGCN,0.001,3,0.001,0.1651,0.3109,0.178,0.6416,0.123,0.0932
LightGCN,0.001,3,0.0001,0.1651,0.3109,0.178,0.6416,0.123,0.0932
LightGCN,0.001,2,0.0001,0.1271,0.2563,0.1341,0.579,0.0911,0.0655
LightGCN,0.001,2,0.001,0.1271,0.2563,0.1341,0.579,0.0911,0.0655
