model,alpha,l1_ratio,valid_recall@10,valid_mrr@10,valid_ndcg@10,valid_hit@10,valid_precision@10,valid_map@10
SLIMElastic,0.1,0.01,0.2392,0.4216,0.2577,0.7826,0.1767,0.1446
SLIMElastic,0.2,0.01,0.2378,0.4225,0.2568,0.7731,0.1757,0.1442
SLIMElastic,0.1,0.02,0.2368,0.4224,0.2562,0.7784,0.1755,0.1435
SLIMElastic,0.2,0.02,0.2361,0.4214,0.2553,0.7731,0.1743,0.1432
SLIMElastic,0.1,0.05,0.2312,0.4197,0.2534,0.7646,0.1735,0.1424
SLIMElastic,0.5,0.01,0.233,0.4191,0.2524,0.7699,0.1717,0.1412
SLIMElastic,0.2,0.05,0.2288,0.419,0.2503,0.7688,0.1703,0.1399
SLIMElastic,0.1,0.1,0.2271,0.4165,0.2495,0.7625,0.1709,0.1399
SLIMElastic,0.5,0.02,0.228,0.4136,0.2483,0.7582,0.1677,0.1391
SLIMElastic,1.0,0.01,0.2215,0.4075,0.241,0.7508,0.1618,0.1342
SLIMElastic,0.2,0.1,0.2202,0.4072,0.2406,0.7572,0.1611,0.1339
SLIMElastic,1.0,0.02,0.214,0.4022,0.2344,0.7455,0.1555,0.1304
SLIMElastic,0.5,0.05,0.212,0.4019,0.2342,0.7423,0.1558,0.1305
SLIMElastic,0.5,0.1,0.1947,0.3807,0.2165,0.7041,0.1417,0.1198
SLIMElastic,1.0,0.05,0.1913,0.3798,0.2144,0.6999,0.1394,0.119
SLIMElastic,1.0,0.1,0.164,0.3504,0.1879,0.6511,0.1215,0.1018
