model,k,shrink,valid_recall@10,valid_mrr@10,valid_ndcg@10,valid_hit@10,valid_precision@10,valid_map@10
UserKNN,50,0,0.216,0.401,0.2355,0.755,0.1562,0.1304
UserKNN,100,0,0.2102,0.3992,0.2345,0.7402,0.1567,0.1311
UserKNN,100,10,0.2094,0.3882,0.2303,0.7402,0.1554,0.1274
UserKNN,50,10,0.209,0.3806,0.2266,0.7359,0.1526,0.1241
UserKNN,200,0,0.1996,0.3874,0.2241,0.7232,0.1494,0.1245
UserKNN,20,0,0.2125,0.3703,0.2216,0.7359,0.1505,0.1187
UserKNN,100,50,0.2012,0.3769,0.221,0.7328,0.1503,0.1206
UserKNN,200,10,0.1961,0.3823,0.22,0.7211,0.1475,0.1213
UserKNN,20,10,0.2092,0.3678,0.2177,0.7359,0.1471,0.1162
UserKNN,50,50,0.2018,0.3618,0.2164,0.7275,0.1469,0.1172
UserKNN,100,100,0.198,0.3647,0.215,0.7243,0.1483,0.1162
UserKNN,200,50,0.1922,0.3718,0.2143,0.7031,0.1448,0.1177
UserKNN,200,100,0.1889,0.3684,0.2112,0.701,0.1431,0.1156
UserKNN,50,100,0.197,0.3503,0.2086,0.7179,0.1434,0.1114
UserKNN,10,0,0.1953,0.3478,0.2013,0.7137,0.1345,0.106
UserKNN,10,10,0.1863,0.3448,0.1951,0.6999,0.1297,0.1022
UserKNN,20,50,0.186,0.3297,0.1944,0.6967,0.134,0.1021
UserKNN,20,100,0.1784,0.3135,0.1852,0.6713,0.1268,0.0976
UserKNN,10,50,0.1665,0.2955,0.1718,0.6394,0.1183,0.0888
UserKNN,10,100,0.1564,0.2782,0.1594,0.6172,0.1098,0.0812
